Recency,Frequency,Monetary,R_Score,F_Score,M_Score,RFM_Score,Actual,Predicted
25,3,665.86,4,3,3,433,0,0
15,14,3973.3,5,5,5,555,0,0
47,2,1161.5,4,2,3,423,0,0
576,2,209.57,1,3,1,131,1,1
652,1,303.22,1,2,2,122,1,1
39,2,692.19,4,3,3,433,0,0
9,21,5418.87,5,5,5,555,0,0
207,4,1192.36,2,3,3,233,1,1
584,1,728.84,1,2,3,123,1,1
281,3,613.75,2,3,2,232,1,1
18,9,1569.73,5,5,4,554,0,0
15,2,413.05,5,3,2,532,0,0
659,1,37.5,1,1,1,111,1,1
37,1,754.64,4,2,3,423,0,0
677,1,129.75,1,1,1,111,1,1
174,1,191.94,3,1,1,311,1,1
53,1,917.34,4,1,3,413,0,0
88,9,6414.79,3,5,5,355,0,0
74,3,787.52,3,3,3,333,0,0
472,2,271.75,1,3,1,131,1,1
410,4,1254.41,2,3,4,234,1,1
173,5,630.3,3,4,3,343,1,1
237,1,232.48,2,2,1,221,1,1
87,1,112.07999999999998,3,1,1,311,0,0
188,6,1514.81,3,4,4,344,1,1
47,4,673.26,4,3,3,433,0,0
214,4,702.6,2,3,3,233,1,1
24,6,2359.19,4,4,4,444,0,0
110,9,1093.5,3,5,3,353,1,1
66,1,373.94,3,1,2,312,0,0
29,2,1360.99,4,2,4,424,0,0
645,1,70.0,1,1,1,111,1,1
413,3,1791.15,1,3,4,134,1,1
400,4,1944.57,2,3,4,234,1,1
19,2,613.6899999999999,5,2,2,522,0,0
499,1,400.2,1,2,2,122,1,1
415,4,1110.83,1,4,3,143,1,1
380,4,1227.54,2,4,3,243,1,1
257,1,88.2,2,1,1,211,1,1
4,3,342.45,5,3,2,532,0,0
59,9,1309.86,4,5,4,454,0,0
169,8,1747.91,3,4,4,344,1,1
43,2,657.3,4,3,3,433,0,0
106,3,149.05,3,3,1,331,1,1
4,10,2765.84,5,5,4,554,0,0
358,1,76.55,2,1,1,211,1,1
81,1,358.0,3,1,2,312,0,0
313,2,788.81,2,2,3,223,1,1
1,5,1952.45,5,4,4,544,0,0
10,28,11551.74,5,5,5,555,0,0
39,2,206.34,4,3,1,431,0,0
422,6,1563.34,1,4,4,144,1,1
19,1,371.2,5,1,2,512,0,0
417,2,924.11,1,3,3,133,1,1
411,2,880.62,1,2,3,123,1,1
10,14,2910.23,5,5,4,554,0,0
29,15,3332.42,4,5,5,455,0,0
100,7,2939.55,3,4,4,344,1,1
392,7,942.75,2,4,3,243,1,1
473,6,1060.7,1,4,3,143,1,1
722,1,252.59,1,2,1,121,1,1
407,1,81.15,2,1,1,211,1,1
1,2,252.49,5,2,1,521,0,0
79,7,2994.02,3,4,5,345,0,0
4,2,935.05,5,2,3,523,0,0
395,1,1384.88,2,1,4,214,1,1
104,9,2228.22,3,5,4,354,1,1
15,8,2485.9700000000003,5,4,4,544,0,0
56,8,4460.18,4,5,5,455,0,0
593,1,235.88,1,2,1,121,1,1
32,10,2059.58,4,5,4,454,0,0
463,2,83.0,1,2,1,121,1,1
11,66,10636.47,5,5,5,555,0,0
107,1,17.0,3,1,1,311,1,1
552,7,2774.0,1,4,4,144,1,1
3,24,15688.02,5,5,5,555,0,0
54,6,4422.76,4,4,5,445,0,0
592,3,229.46,1,3,1,131,1,1
123,7,2715.28,3,4,4,344,1,1
86,6,2475.23,3,4,4,344,0,0
432,1,509.04,1,1,2,112,1,1
66,5,1200.2,3,4,3,343,0,0
597,2,465.53,1,2,2,122,1,1
128,6,1538.41,3,4,4,344,1,1
10,3,102.45,5,3,1,531,0,0
241,7,1762.61,2,4,4,244,1,1
51,2,1163.45,4,2,3,423,0,0
95,5,1508.18,3,4,4,344,1,1
411,2,487.03,1,2,2,122,1,1
60,2,1277.48,3,2,4,324,0,0
221,1,446.62,2,1,2,212,1,1
114,2,445.32,3,3,2,332,1,1
79,2,307.76,3,2,2,322,0,0
610,1,17.65,1,1,1,111,1,1
1,6,2409.04,5,4,4,544,0,0
311,1,154.41,2,1,1,211,1,1
195,2,1345.21,2,2,4,224,1,1
653,1,82.4,1,1,1,111,1,1
386,1,537.46,2,2,2,222,1,1
10,156,313946.37,5,5,5,555,0,0
14,5,1770.88,5,4,4,544,0,0
57,10,3784.37,4,5,5,455,0,0
247,2,1052.9,2,2,3,223,1,1
30,2,354.42,4,2,2,422,0,0
24,3,1225.36,4,3,3,433,0,0
52,3,743.11,4,3,3,433,0,0
527,1,358.15,1,2,2,122,1,1
375,3,597.33,2,3,2,232,1,1
18,2,616.26,5,2,2,522,0,0
647,2,842.4,1,3,3,133,1,1
155,6,1517.36,3,4,4,344,1,1
394,1,419.7000000000001,2,1,2,212,1,1
50,5,1817.52,4,4,4,444,0,0
113,6,2821.08,3,4,4,344,1,1
23,3,306.46,4,3,2,432,0,0
267,5,3365.86,2,4,5,245,1,1
1,3,1093.65,5,3,3,533,0,0
65,7,2416.9,3,4,4,344,0,0
395,1,80.28,2,1,1,211,1,1
372,2,934.25,2,2,3,223,1,1
85,4,299.18,3,4,2,342,0,0
128,12,8350.42,3,5,5,355,1,1
31,5,2647.59,4,4,4,444,0,0
723,1,342.36,1,2,2,122,1,1
486,1,30.6,1,1,1,111,1,1
435,1,579.85,1,1,2,112,1,1
266,1,118.75,2,1,1,211,1,1
239,2,421.48,2,3,2,232,1,1
437,2,556.52,1,3,2,132,1,1
8,38,25119.54,5,5,5,555,0,0
9,8,2547.55,5,5,4,554,0,0
33,6,3634.84,4,4,5,445,0,0
9,2,1463.04,5,2,4,524,0,0
398,2,153.52,2,2,1,221,1,1
405,2,402.5,2,2,2,222,1,1
243,1,239.49,2,1,1,211,1,1
596,3,835.34,1,3,3,133,1,1
159,2,665.78,3,3,3,333,1,1
28,11,2010.41,4,5,4,454,0,0
437,6,2100.09,1,4,4,144,1,1
735,1,439.46,1,1,2,112,1,1
53,1,197.13,4,1,1,411,0,0
5,5,1360.28,5,4,4,544,0,0
379,1,188.46,2,2,1,221,1,1
138,2,612.6,3,2,2,322,1,1
23,5,2099.54,4,4,4,444,0,0
18,4,779.05,5,3,3,533,0,0
41,1,114.11,4,1,1,411,0,0
39,3,650.41,4,3,3,433,0,0
729,1,204.26,1,2,1,121,1,1
22,12,3445.32,4,5,5,455,0,0
378,4,819.61,2,4,3,243,1,1
44,1,449.45,4,1,2,412,0,0
183,3,409.04,3,3,2,332,1,1
555,1,103.95,1,2,1,121,1,1
14,16,10731.34,5,5,5,555,0,0
3,20,12170.68,5,5,5,555,0,0
61,1,557.62,3,1,2,312,0,0
215,3,776.46,2,3,3,233,1,1
185,6,1309.41,3,4,4,344,1,1
185,3,1180.23,3,3,3,333,1,1
278,1,328.8,2,1,2,212,1,1
52,5,3469.3,4,4,5,445,0,0
253,5,1153.85,2,4,3,243,1,1
59,10,3805.34,4,5,5,455,0,0
38,29,7240.98,4,5,5,455,0,0
9,17,11126.11,5,5,5,555,0,0
65,2,777.01,3,2,3,323,0,0
178,6,1518.7,3,4,4,344,1,1
469,9,2016.71,1,5,4,154,1,1
18,6,1766.72,5,4,4,544,0,0
376,4,249.92,2,4,1,241,1,1
388,1,110.7,2,2,1,221,1,1
322,2,402.2000000000001,2,3,2,232,1,1
11,54,21927.14,5,5,5,555,0,0
277,1,197.0,2,1,1,211,1,1
31,10,2156.77,4,5,4,454,0,0
584,1,1126.0,1,1,3,113,1,1
3,11,2535.9,5,5,4,554,0,0
536,1,98.7,1,1,1,111,1,1
32,6,1608.38,4,4,4,444,0,0
429,4,474.1,1,3,2,132,1,1
145,7,2864.97,3,4,4,344,1,1
51,8,1071.14,4,5,3,453,0,0
7,6,2050.08,5,4,4,544,0,0
692,5,6798.72,1,4,5,145,1,1
5,3,470.73,5,3,2,532,0,0
89,3,1090.59,3,3,3,333,0,0
236,2,854.99,2,2,3,223,1,1
87,6,2867.86,3,4,4,344,0,0
70,1,443.05,3,1,2,312,0,0
409,2,607.0,2,3,2,232,1,1
7,10,1888.48,5,5,4,554,0,0
67,4,1077.81,3,4,3,343,0,0
31,15,8073.8,4,5,5,455,0,0
11,1,527.2,5,1,2,512,0,0
3,26,13054.26,5,5,5,555,0,0
4,9,6897.36,5,5,5,555,0,0
267,2,1597.76,2,2,4,224,1,1
7,2,3192.54,5,2,5,525,0,0
70,7,3772.99,3,4,5,345,0,0
284,1,109.95,2,1,1,211,1,1
692,1,136.8,1,1,1,111,1,1
58,4,501.56,4,3,2,432,0,0
20,8,4757.8,4,4,5,445,0,0
414,1,226.7,1,1,1,111,1,1
71,6,875.1500000000001,3,4,3,343,0,0
120,8,1038.92,3,4,3,343,1,1
75,2,708.26,3,2,3,323,0,0
135,4,1508.0,3,3,4,334,1,1
227,2,632.07,2,3,3,233,1,1
374,9,2011.82,2,5,4,254,1,1
17,4,2062.67,5,3,4,534,0,0
93,6,2806.18,3,4,4,344,1,1
519,3,382.31,1,3,2,132,1,1
49,2,677.72,4,2,3,423,0,0
23,5,1943.51,4,4,4,444,0,0
437,3,1179.45,1,3,3,133,1,1
10,2,144.91000000000005,5,3,1,531,0,0
4,16,3754.71,5,5,5,555,0,0
61,1,104.82,3,1,1,311,0,0
353,1,383.7,2,1,2,212,1,1
3,9,4385.9800000000005,5,5,5,555,0,0
8,14,7474.4,5,5,5,555,0,0
16,56,14106.2,5,5,5,555,0,0
424,1,494.85,1,1,2,112,1,1
22,3,651.8199999999999,4,3,3,433,0,0
176,16,3770.27,3,5,5,355,1,1
23,19,13370.86,4,5,5,455,0,0
547,1,216.4,1,2,1,121,1,1
2,151,528602.52,5,5,5,555,0,0
22,3,1129.3,4,3,3,433,0,0
127,7,1703.02,3,4,4,344,1,1
73,1,144.2,3,1,1,311,0,0
549,2,1127.45,1,2,3,123,1,1
30,2,897.62,4,3,3,433,0,0
15,1,261.11,5,2,1,521,0,0
464,3,275.4,1,3,1,131,1,1
529,2,406.07,1,2,2,122,1,1
408,2,1272.8,2,3,4,234,1,1
367,3,988.44,2,3,3,233,1,1
225,2,792.15,2,2,3,223,1,1
5,3,729.3299999999999,5,3,3,533,0,0
38,1,940.67,4,1,3,413,0,0
54,2,257.32,4,2,1,421,0,0
650,1,189.63,1,2,1,121,1,1
394,1,70.80000000000001,2,1,1,211,1,1
223,6,1814.61,2,4,4,244,1,1
68,8,1594.45,3,5,4,354,0,0
177,1,455.3,3,1,2,312,1,1
499,1,202.1,1,2,1,121,1,1
521,2,191.86,1,2,1,121,1,1
47,11,3090.29,4,5,5,455,0,0
23,6,3364.59,4,4,5,445,0,0
2,15,4243.86,5,5,5,555,0,0
243,2,475.02,2,2,2,222,1,1
424,1,261.35,1,1,1,111,1,1
519,1,231.34,1,2,1,121,1,1
50,3,1160.72,4,3,3,433,0,0
426,2,717.85,1,2,3,123,1,1
122,16,9275.49,3,5,5,355,1,1
64,9,5728.82,3,5,5,355,0,0
249,1,12.75,2,2,1,221,1,1
397,1,263.38,2,1,1,211,1,1
8,3,1509.09,5,3,4,534,0,0
1,4,1260.86,5,4,4,544,0,0
60,9,6030.7300000000005,3,5,5,355,0,0
10,2,300.83,5,2,2,522,0,0
610,1,433.72,1,1,2,112,1,1
17,15,9445.51,5,5,5,555,0,0
409,1,259.09,2,1,1,211,1,1
313,2,478.88,2,2,2,222,1,1
189,6,1000.27,3,4,3,343,1,1
52,8,4252.89,4,4,5,445,0,0
237,2,630.43,2,2,3,223,1,1
11,5,629.16,5,4,3,543,0,0
66,7,1827.84,3,4,4,344,0,0
130,1,406.09,3,1,2,312,1,1
16,8,1713.85,5,4,4,544,0,0
149,3,1732.47,3,3,4,334,1,1
75,6,2596.93,3,4,4,344,0,0
74,2,417.73,3,2,2,322,0,0
50,8,1980.56,4,4,4,444,0,0
31,11,3170.98,4,5,5,455,0,0
18,20,8262.29,5,5,5,555,0,0
469,1,450.16,1,2,2,122,1,1
680,1,231.32,1,1,1,111,1,1
732,1,323.39,1,1,2,112,1,1
10,4,862.18,5,3,3,533,0,0
430,1,314.67,1,1,2,112,1,1
20,11,2470.67,4,5,4,454,0,0
80,6,13925.93,3,4,5,345,0,0
432,1,171.15,1,1,1,111,1,1
1,37,11696.92,5,5,5,555,0,0
359,1,80.64,2,2,1,221,1,1
394,1,1248.42,2,1,3,213,1,1
200,1,339.6,2,1,2,212,1,1
4,6,1286.27,5,4,4,544,0,0
58,3,1156.73,4,3,3,433,0,0
373,3,843.25,2,3,3,233,1,1
733,2,207.85,1,3,1,131,1,1
696,1,658.95,1,1,3,113,1,1
19,2,570.48,5,2,2,522,0,0
309,2,280.53000000000003,2,2,1,221,1,1
309,3,900.12,2,3,3,233,1,1
645,2,348.75,1,3,2,132,1,1
5,2,644.95,5,2,3,523,0,0
15,8,2399.57,5,4,4,544,0,0
265,1,138.68,2,1,1,211,1,1
16,2,1212.66,5,2,3,523,0,0
75,1,544.08,3,1,2,312,0,0
12,36,11650.85,5,5,5,555,0,0
94,16,2228.27,3,5,4,354,1,1
197,1,271.85,2,1,1,211,1,1
105,12,5345.55,3,5,5,355,1,1
590,1,339.75,1,1,2,112,1,1
4,1,312.62,5,1,2,512,0,0
41,6,2287.7,4,4,4,444,0,0
9,6,1933.48,5,4,4,544,0,0
464,4,390.56,1,4,2,142,1,1
312,7,2668.23,2,4,4,244,1,1
318,1,157.02,2,2,1,221,1,1
11,22,16410.15,5,5,5,555,0,0
98,4,786.5699999999999,3,3,3,333,1,1
1,7,762.1,5,4,3,543,0,0
17,23,15587.88,5,5,5,555,0,0
72,1,224.14,3,1,1,311,0,0
178,6,1507.26,3,4,4,344,1,1
682,1,21.0,1,1,1,111,1,1
23,9,6620.48,4,5,5,455,0,0
626,1,241.9,1,1,1,111,1,1
75,2,1000.39,3,2,3,323,0,0
22,7,1467.24,4,4,4,444,0,0
3,7,995.85,5,4,3,543,0,0
4,1,336.43,5,2,2,522,0,0
74,5,1666.86,3,4,4,344,0,0
68,2,1378.4,3,2,4,324,0,0
31,6,3090.56,4,4,5,445,0,0
28,2,384.52,4,2,2,422,0,0
32,4,4387.64,4,4,5,445,0,0
423,2,286.6,1,2,1,121,1,1
477,3,285.41,1,3,1,131,1,1
15,14,3902.01,5,5,5,555,0,0
60,2,675.69,3,3,3,333,0,0
593,1,360.85,1,2,2,122,1,1
383,5,1222.04,2,4,3,243,1,1
11,1,247.32,5,1,1,511,0,0
725,1,310.43,1,1,2,112,1,1
287,4,511.25,2,3,2,232,1,1
66,4,649.53,3,3,3,333,0,0
22,4,775.46,4,3,3,433,0,0
57,5,1616.54,4,4,4,444,0,0
117,2,524.54,3,2,2,322,1,1
620,1,30.1,1,1,1,111,1,1
734,1,130.32,1,1,1,111,1,1
437,3,1404.68,1,3,4,134,1,1
600,1,150.0,1,1,1,111,1,1
2,5,1070.71,5,4,3,543,0,0
47,12,3597.5,4,5,5,455,0,0
299,5,4756.74,2,4,5,245,1,1
18,12,2220.99,5,5,4,554,0,0
10,2,77.4,5,2,1,521,0,0
50,16,3213.29,4,5,5,455,0,0
431,1,307.95,1,1,2,112,1,1
88,2,955.94,3,2,3,323,0,0
12,16,5703.52,5,5,5,555,0,0
74,13,8999.19,3,5,5,355,0,0
290,3,1224.18,2,3,3,233,1,1
39,107,122209.14,4,5,5,455,0,0
446,2,308.14,1,2,2,122,1,1
85,3,1492.81,3,3,4,334,0,0
18,7,3204.1600000000003,5,4,5,545,0,0
6,2,697.04,5,2,3,523,0,0
303,5,866.05,2,4,3,243,1,1
257,6,1678.88,2,4,4,244,1,1
75,4,322.41,3,4,2,342,0,0
627,1,229.47,1,1,1,111,1,1
73,13,6948.2300000000005,3,5,5,355,0,0
212,2,2579.38,2,2,4,224,1,1
659,1,307.3,1,1,2,112,1,1
66,2,711.5,3,2,3,323,0,0
2,13,3108.15,5,5,5,555,0,0
6,3,663.81,5,3,3,533,0,0
110,1,52.0,3,1,1,311,1,1
113,1,371.56,3,1,2,312,1,1
232,1,1079.4,2,1,3,213,1,1
35,3,570.46,4,3,2,432,0,0
485,1,157.70000000000002,1,1,1,111,1,1
736,1,210.39,1,2,1,121,1,1
12,47,9161.08,5,5,5,555,0,0
67,9,3729.42,3,5,5,355,0,0
29,2,585.27,4,2,2,422,0,0
35,8,1653.75,4,4,4,444,0,0
2,7,2768.83,5,4,4,544,0,0
16,9,2317.43,5,5,4,554,0,0
44,3,940.8,4,3,3,433,0,0
27,3,1250.06,4,3,4,434,0,0
544,1,225.4,1,1,1,111,1,1
408,3,743.26,2,3,3,233,1,1
32,8,4013.08,4,4,5,445,0,0
520,1,133.45,1,1,1,111,1,1
23,13,5796.52,4,5,5,455,0,0
82,4,1620.22,3,3,4,334,0,0
35,6,1915.68,4,4,4,444,0,0
22,6,2773.42,4,4,4,444,0,0
206,12,4894.88,2,5,5,255,1,1
72,10,1486.2,3,5,4,354,0,0
253,1,85.0,2,1,1,211,1,1
24,10,3667.06,4,5,5,455,0,0
5,11,5197.9,5,5,5,555,0,0
675,1,195.55,1,1,1,111,1,1
12,6,1805.28,5,4,4,544,0,0
391,2,519.29,2,2,2,222,1,1
384,2,508.0,2,3,2,232,1,1
330,2,437.05,2,2,2,222,1,1
137,1,200.47,3,2,1,321,1,1
607,1,303.63,1,1,2,112,1,1
600,1,228.96,1,1,1,111,1,1
437,1,136.65,1,1,1,111,1,1
165,4,470.83,3,4,2,342,1,1
22,43,15763.45,4,5,5,455,0,0
134,1,244.8,3,1,1,311,1,1
274,3,812.5,2,3,3,233,1,1
170,4,541.9,3,4,2,342,1,1
405,1,147.35,2,2,1,221,1,1
2,5,1602.13,5,4,4,544,0,0
4,116,15972.79,5,5,5,555,0,0
731,1,234.38,1,1,1,111,1,1
423,3,3723.55,1,3,5,135,1,1
16,2,1066.9,5,2,3,523,0,0
599,1,185.8,1,1,1,111,1,1
205,8,2092.42,2,4,4,244,1,1
7,1,174.37,5,1,1,511,0,0
2,11,3586.03,5,5,5,555,0,0
377,17,4006.17,2,5,5,255,1,1
32,3,930.1,4,3,3,433,0,0
23,6,1101.97,4,4,3,443,0,0
281,2,397.15,2,3,2,232,1,1
11,22,11516.57,5,5,5,555,0,0
28,3,814.72,4,3,3,433,0,0
90,9,3460.32,3,5,5,355,0,0
17,1,199.48,5,1,1,511,0,0
7,53,17761.88,5,5,5,555,0,0
7,24,4709.54,5,5,5,555,0,0
414,1,515.78,1,2,2,122,1,1
42,1,338.8,4,2,2,422,0,0
217,4,844.6,2,4,3,243,1,1
606,1,2622.481,1,1,4,114,1,1
1,5,1241.31,5,4,3,543,0,0
368,6,814.07,2,4,3,243,1,1
298,1,3.75,2,2,1,221,1,1
24,2,328.4,4,3,2,432,0,0
18,11,3214.69,5,5,5,555,0,0
106,1,138.14,3,1,1,311,1,1
428,2,546.25,1,2,2,122,1,1
4,4,2157.4,5,4,4,544,0,0
68,1,415.2,3,1,2,312,0,0
410,3,361.94,2,3,2,232,1,1
225,3,1027.22,2,3,3,233,1,1
2,33,10104.97,5,5,5,555,0,0
415,3,839.73,1,3,3,133,1,1
4,1,120.03,5,2,1,521,0,0
2,54,36692.91,5,5,5,555,0,0
331,1,197.65,2,1,1,211,1,1
30,13,4439.97,4,5,5,455,0,0
72,1,100.8,3,2,1,321,0,0
38,5,822.57,4,4,3,443,0,0
2,23,5561.66,5,5,5,555,0,0
117,7,9903.24,3,4,5,345,1,1
551,1,242.06,1,2,1,121,1,1
38,8,1856.59,4,4,4,444,0,0
369,4,1015.54,2,4,3,243,1,1
654,2,9530.08,1,2,5,125,1,1
396,1,75.0,2,1,1,211,1,1
109,7,2093.3,3,4,4,344,1,1
17,12,4318.48,5,5,5,555,0,0
53,5,1800.07,4,4,4,444,0,0
379,1,228.83,2,2,1,221,1,1
112,9,734.81,3,5,3,353,1,1
169,5,814.65,3,4,3,343,1,1
59,16,8543.57,4,5,5,455,0,0
669,1,93.35,1,1,1,111,1,1
7,44,40999.17,5,5,5,555,0,0
170,1,237.61,3,2,1,321,1,1
1,2,347.75,5,3,2,532,0,0
144,6,1908.03,3,4,4,344,1,1
1,3,563.94,5,3,2,532,0,0
110,2,552.0,3,2,2,322,1,1
107,1,51.56,3,2,1,321,1,1
8,1,144.0,5,1,1,511,0,0
3,3,684.41,5,3,3,533,0,0
67,1,452.89,3,1,2,312,0,0
11,13,5476.5,5,5,5,555,0,0
502,3,1687.8,1,3,4,134,1,1
130,4,1918.49,3,3,4,334,1,1
204,2,657.35,2,2,3,223,1,1
33,4,776.851,4,3,3,433,0,0
74,2,234.34000000000003,3,2,1,321,0,0
309,3,1013.71,2,3,3,233,1,1
78,4,2321.11,3,3,4,334,0,0
594,2,341.59,1,2,2,122,1,1
3,1,168.63,5,1,1,511,0,0
530,1,259.68,1,2,1,121,1,1
183,6,1610.59,3,4,4,344,1,1
534,1,320.25,1,2,2,122,1,1
176,3,674.45,3,3,3,333,1,1
36,27,10857.97,4,5,5,455,0,0
571,1,229.75,1,1,1,111,1,1
548,1,161.94,1,2,1,121,1,1
362,1,169.47,2,2,1,221,1,1
389,1,262.4,2,1,1,211,1,1
40,3,614.7600000000001,4,3,2,432,0,0
591,1,1049.66,1,1,3,113,1,1
9,25,32051.34,5,5,5,555,0,0
10,2,828.8100000000001,5,2,3,523,0,0
1,4,880.81,5,3,3,533,0,0
438,4,3802.04,1,4,5,145,1,1
64,1,295.93,3,1,2,312,0,0
286,4,596.98,2,3,2,232,1,1
4,2,230.65,5,3,1,531,0,0
723,1,2.95,1,1,1,111,1,1
376,3,733.7,2,3,3,233,1,1
11,2,1227.22,5,2,3,523,0,0
71,12,2140.28,3,5,4,354,0,0
38,15,5090.110000000001,4,5,5,455,0,0
89,5,2247.49,3,4,4,344,0,0
227,2,1998.0,2,2,4,224,1,1
689,1,183.2,1,1,1,111,1,1
23,1,223.85,4,1,1,411,0,0
61,1,384.06,3,2,2,322,0,0
10,3,194.8,5,3,1,531,0,0
310,3,1679.56,2,3,4,234,1,1
32,3,566.58,4,3,2,432,0,0
16,20,11337.39,5,5,5,555,0,0
45,12,4459.98,4,5,5,455,0,0
72,6,1049.79,3,4,3,343,0,0
11,3,797.96,5,3,3,533,0,0
235,2,304.25,2,2,2,222,1,1
722,1,294.0,1,2,2,122,1,1
53,5,797.59,4,4,3,443,0,0
426,1,948.93,1,1,3,113,1,1
1,20,6988.02,5,5,5,555,0,0
100,3,605.55,3,3,2,332,1,1
55,4,2473.06,4,3,4,434,0,0
620,2,54.09,1,2,1,121,1,1
86,1,659.4399999999999,3,1,3,313,0,0
17,1,131.78,5,2,1,521,0,0
67,12,8340.31,3,5,5,355,0,0
501,1,1071.82,1,1,3,113,1,1
396,1,212.78,2,1,1,211,1,1
40,7,1361.99,4,4,4,444,0,0
483,1,233.4,1,1,1,111,1,1
389,1,254.13,2,2,1,221,1,1
410,2,152.35,2,3,1,231,1,1
51,15,3708.3,4,5,5,455,0,0
127,4,1535.13,3,3,4,334,1,1
46,4,1054.67,4,4,3,443,0,0
290,3,423.91,2,3,2,232,1,1
4,3,908.35,5,3,3,533,0,0
17,1,95.34,5,2,1,521,0,0
12,5,1425.38,5,4,4,544,0,0
52,9,2843.55,4,5,4,454,0,0
18,7,2206.16,5,4,4,544,0,0
3,7,3410.81,5,4,5,545,0,0
385,3,1586.54,2,3,4,234,1,1
2,1,343.5,5,1,2,512,0,0
291,5,5606.47,2,4,5,245,1,1
434,3,645.0,1,3,3,133,1,1
296,3,2580.74,2,3,4,234,1,1
67,17,8012.58,3,5,5,355,0,0
284,1,204.5,2,1,1,211,1,1
16,5,2403.34,5,4,4,544,0,0
114,1,453.01,3,1,2,312,1,1
165,2,1327.16,3,2,4,324,1,1
26,5,358.7,4,4,2,442,0,0
211,2,3246.45,2,2,5,225,1,1
40,7,1423.52,4,4,4,444,0,0
481,2,422.86,1,2,2,122,1,1
33,6,5101.52,4,4,5,445,0,0
17,2,554.65,5,2,2,522,0,0
2,79,39963.79,5,5,5,555,0,0
22,6,4835.89,4,4,5,445,0,0
24,5,1376.87,4,4,4,444,0,0
299,1,321.05,2,1,2,212,1,1
152,1,232.6,3,1,1,311,1,1
173,3,1447.74,3,3,4,334,1,1
4,16,7092.610000000001,5,5,5,555,0,0
36,4,247.96,4,3,1,431,0,0
236,11,3859.18,2,5,5,255,1,1
442,6,1182.22,1,4,3,143,1,1
576,29,23691.4,1,5,5,155,1,1
40,3,942.08,4,3,3,433,0,0
3,18,5127.69,5,5,5,555,0,0
99,3,808.92,3,3,3,333,1,1
85,2,653.24,3,2,3,323,0,0
383,4,1211.75,2,3,3,233,1,1
321,5,1410.18,2,4,4,244,1,1
9,17,7431.05,5,5,5,555,0,0
563,2,614.34,1,3,2,132,1,1
12,5,784.8100000000001,5,4,3,543,0,0
11,6,2201.54,5,4,4,544,0,0
50,2,173.16,4,2,1,421,0,0
68,12,4919.35,3,5,5,355,0,0
17,7,703.22,5,4,3,543,0,0
431,1,89.65,1,1,1,111,1,1
7,3,1904.05,5,3,4,534,0,0
208,1,63.440000000000005,2,2,1,221,1,1
18,5,8756.64,5,4,5,545,0,0
46,3,2600.34,4,3,4,434,0,0
39,1,460.4,4,1,2,412,0,0
71,5,1070.17,3,4,3,343,0,0
411,1,519.8100000000001,1,1,2,112,1,1
26,3,572.56,4,3,2,432,0,0
256,3,478.53,2,3,2,232,1,1
188,5,3670.74,3,4,5,345,1,1
414,4,1322.07,1,3,4,134,1,1
735,1,424.03,1,1,2,112,1,1
620,1,365.1,1,1,2,112,1,1
4,9,10068.28,5,5,5,555,0,0
58,2,641.4,4,2,3,423,0,0
7,44,6114.03,5,5,5,555,0,0
25,6,1590.6,4,4,4,444,0,0
169,2,885.19,3,3,3,333,1,1
454,2,1288.72,1,2,4,124,1,1
395,3,940.86,2,3,3,233,1,1
480,1,310.15,1,1,2,112,1,1
16,3,656.69,5,3,3,533,0,0
571,2,439.1,1,2,2,122,1,1
505,1,299.02,1,1,2,112,1,1
35,4,1094.84,4,4,3,443,0,0
378,3,985.14,2,3,3,233,1,1
19,1,430.48,5,1,2,512,0,0
4,30,6360.78,5,5,5,555,0,0
402,1,429.21,2,1,2,212,1,1
17,5,780.5,5,4,3,543,0,0
387,1,170.5,2,1,1,211,1,1
3,1,3861.0,5,1,5,515,0,0
46,5,8514.82,4,4,5,445,0,0
219,3,727.11,2,3,3,233,1,1
8,13,8077.77,5,5,5,555,0,0
32,2,836.69,4,2,3,423,0,0
52,1,216.39,4,1,1,411,0,0
445,1,111.63,1,1,1,111,1,1
8,2,1898.52,5,2,4,524,0,0
9,4,1437.85,5,3,4,534,0,0
5,19,3966.05,5,5,5,555,0,0
323,2,602.09,2,3,2,232,1,1
268,1,333.74,2,1,2,212,1,1
33,16,5073.47,4,5,5,455,0,0
67,5,1034.43,3,4,3,343,0,0
267,1,183.6,2,1,1,211,1,1
52,7,2594.04,4,4,4,444,0,0
44,2,384.04,4,2,2,422,0,0
26,1,114.14,4,1,1,411,0,0
80,7,2132.09,3,4,4,344,0,0
656,1,205.36,1,1,1,111,1,1
537,1,420.04,1,2,2,122,1,1
720,1,310.72,1,1,2,112,1,1
36,3,343.45,4,3,2,432,0,0
408,1,107.24,2,1,1,211,1,1
50,4,1070.98,4,3,3,433,0,0
737,1,214.8,1,1,1,111,1,1
9,1,366.23,5,2,2,522,0,0
51,20,6869.0,4,5,5,455,0,0
682,1,129.23,1,1,1,111,1,1
663,1,272.96000000000004,1,1,1,111,1,1
80,5,3163.67,3,4,5,345,0,0
564,1,124.25,1,1,1,111,1,1
51,4,3143.46,4,4,5,445,0,0
269,1,439.03,2,1,2,212,1,1
50,5,1703.75,4,4,4,444,0,0
78,1,137.75,3,1,1,311,0,0
737,1,132.55,1,2,1,121,1,1
191,1,346.98,2,1,2,212,1,1
192,3,664.0,2,3,3,233,1,1
451,1,426.53,1,1,2,112,1,1
477,3,996.61,1,3,3,133,1,1
22,1,110.46,4,1,1,411,0,0
3,3,12393.7,5,3,5,535,0,0
26,4,1358.88,4,3,4,434,0,0
78,1,773.03,3,1,3,313,0,0
11,1,361.62,5,1,2,512,0,0
29,5,1593.09,4,4,4,444,0,0
557,2,420.25,1,2,2,122,1,1
500,1,24.75,1,1,1,111,1,1
364,3,1100.4,2,3,3,233,1,1
157,2,513.32,3,2,2,322,1,1
4,127,137818.52,5,5,5,555,0,0
56,5,16679.78,4,4,5,445,0,0
11,2,457.5,5,2,2,522,0,0
88,1,1267.32,3,2,4,324,0,0
18,9,8657.39,5,5,5,555,0,0
172,5,2733.8,3,4,4,344,1,1
190,2,112.2,2,3,1,231,1,1
24,8,1687.03,4,4,4,444,0,0
177,1,302.46000000000004,3,2,2,322,1,1
172,2,696.68,3,2,3,323,1,1
29,10,1715.46,4,5,4,454,0,0
369,1,112.5,2,1,1,211,1,1
241,1,112.75,2,2,1,221,1,1
80,1,507.84,3,2,2,322,0,0
133,2,603.46,3,2,2,322,1,1
15,4,1568.63,5,4,4,544,0,0
12,10,5494.7,5,5,5,555,0,0
262,1,292.47,2,2,2,222,1,1
185,6,1071.45,3,4,3,343,1,1
1,3,961.49,5,3,3,533,0,0
57,3,1003.88,4,3,3,433,0,0
270,3,341.7,2,3,2,232,1,1
66,19,6486.091,3,5,5,355,0,0
6,4,605.06,5,3,2,532,0,0
400,1,165.45000000000002,2,1,1,211,1,1
36,9,1936.8,4,5,4,454,0,0
281,8,4579.23,2,5,5,255,1,1
73,6,1001.34,3,4,3,343,0,0
3,3,350.64,5,3,2,532,0,0
74,6,1213.811,3,4,3,343,0,0
2,39,12683.4,5,5,5,555,0,0
33,28,13389.22,4,5,5,455,0,0
16,2,388.52,5,2,2,522,0,0
412,1,115.58,1,1,1,111,1,1
28,1,166.42,4,2,1,421,0,0
414,1,385.55,1,1,2,112,1,1
657,1,202.56,1,1,1,111,1,1
50,6,1952.17,4,4,4,444,0,0
554,1,125.3,1,1,1,111,1,1
199,2,964.7,2,2,3,223,1,1
51,2,989.22,4,2,3,423,0,0
24,3,1174.58,4,3,3,433,0,0
334,1,73.5,2,2,1,221,1,1
335,3,1017.33,2,3,3,233,1,1
96,2,572.2,3,2,2,322,1,1
15,1,282.19,5,2,1,521,0,0
85,1,508.8,3,1,2,312,0,0
218,1,67.95,2,1,1,211,1,1
20,2,435.43,4,3,2,432,0,0
33,16,5969.93,4,5,5,455,0,0
366,3,793.06,2,3,3,233,1,1
411,4,1548.46,1,3,4,134,1,1
66,12,2270.01,3,5,4,354,0,0
92,5,2582.66,3,4,4,344,1,1
33,3,498.8,4,3,2,432,0,0
106,1,353.86,3,1,2,312,1,1
54,2,428.05,4,2,2,422,0,0
3,11,2533.94,5,5,4,554,0,0
4,12,5643.45,5,5,5,555,0,0
365,3,824.9200000000001,2,3,3,233,1,1
96,11,5257.38,3,5,5,355,1,1
227,6,1921.76,2,4,4,244,1,1
38,2,836.06,4,2,3,423,0,0
406,1,107.75,2,1,1,211,1,1
17,20,8030.150000000001,5,5,5,555,0,0
57,3,421.24,4,3,2,432,0,0
395,2,854.15,2,2,3,223,1,1
18,2,509.58,5,2,2,522,0,0
11,4,665.59,5,3,3,533,0,0
411,1,239.12,1,2,1,121,1,1
75,3,1388.41,3,3,4,334,0,0
9,44,22310.49,5,5,5,555,0,0
92,8,2399.33,3,4,4,344,1,1
11,33,6319.25,5,5,5,555,0,0
218,7,830.9300000000001,2,4,3,243,1,1
12,14,489.54,5,5,2,552,0,0
165,3,510.7,3,3,2,332,1,1
174,1,178.51999999999998,3,2,1,321,1,1
21,3,403.7000000000001,4,3,2,432,0,0
408,1,175.53,2,1,1,211,1,1
8,11,3780.81,5,5,5,555,0,0
18,18,5902.83,5,5,5,555,0,0
5,4,874.59,5,4,3,543,0,0
542,2,144.14999999999998,1,2,1,121,1,1
12,2,302.1,5,2,2,522,0,0
731,1,102.82,1,1,1,111,1,1
3,7,3119.44,5,4,5,545,0,0
51,17,7603.44,4,5,5,455,0,0
2,35,7720.9,5,5,5,555,0,0
85,6,2289.23,3,4,4,344,0,0
1,28,28882.44,5,5,5,555,0,0
39,3,607.46,4,3,2,432,0,0
547,4,662.33,1,4,3,143,1,1
579,3,2244.7,1,3,4,134,1,1
401,2,605.9,2,2,2,222,1,1
17,15,4906.8,5,5,5,555,0,0
264,1,922.1,2,1,3,213,1,1
106,1,163.8,3,2,1,321,1,1
176,6,836.95,3,4,3,343,1,1
3,26,10071.73,5,5,5,555,0,0
530,1,373.17,1,2,2,122,1,1
500,3,767.91,1,3,3,133,1,1
458,1,540.52,1,1,2,112,1,1
34,15,3838.59,4,5,5,455,0,0
8,3,789.79,5,3,3,533,0,0
24,22,8658.36,4,5,5,455,0,0
382,5,960.63,2,4,3,243,1,1
404,1,307.56,2,1,2,212,1,1
11,2,284.46,5,3,1,531,0,0
80,6,2446.41,3,4,4,344,0,0
10,11,4534.09,5,5,5,555,0,0
30,1,349.83000000000004,4,1,2,412,0,0
20,5,896.53,4,4,3,443,0,0
641,1,219.87,1,1,1,111,1,1
191,2,617.05,2,2,2,222,1,1
23,30,10189.23,4,5,5,455,0,0
316,1,218.45,2,1,1,211,1,1
314,6,1208.22,2,4,3,243,1,1
1,7,3448.29,5,4,5,545,0,0
390,3,1491.4,2,3,4,234,1,1
74,4,1176.46,3,3,3,333,0,0
78,1,34.8,3,1,1,311,0,0
218,2,188.61,2,2,1,221,1,1
1,56,9422.45,5,5,5,555,0,0
169,11,3494.1,3,5,5,355,1,1
9,3,524.88,5,3,2,532,0,0
22,8,1985.87,4,5,4,454,0,0
96,8,4606.46,3,4,5,345,1,1
428,1,239.9,1,1,1,111,1,1
563,3,3395.29,1,3,5,135,1,1
670,1,106.75,1,1,1,111,1,1
239,3,1312.37,2,3,4,234,1,1
19,9,1601.14,5,5,4,554,0,0
464,2,310.96000000000004,1,2,2,122,1,1
135,4,657.9000000000001,3,4,3,343,1,1
105,4,449.52,3,3,2,332,1,1
42,3,539.0,4,3,2,432,0,0
435,1,340.84000000000003,1,1,2,112,1,1
44,1,98.0,4,2,1,421,0,0
479,1,296.36,1,2,2,122,1,1
23,17,7885.85,4,5,5,455,0,0
30,1,106.1,4,2,1,421,0,0
389,3,891.02,2,3,3,233,1,1
66,1,449.12,3,1,2,312,0,0
107,7,1036.16,3,4,3,343,1,1
389,1,491.23,2,2,2,222,1,1
36,1,208.46,4,2,1,421,0,0
3,10,3732.01,5,5,5,555,0,0
96,2,599.0,3,2,2,322,1,1
730,1,308.0,1,1,2,112,1,1
275,4,1189.98,2,4,3,243,1,1
54,1,351.13,4,1,2,412,0,0
50,6,916.47,4,4,3,443,0,0
540,1,160.82,1,2,1,121,1,1
18,12,3749.26,5,5,5,555,0,0
7,2,266.39,5,2,1,521,0,0
579,1,214.71,1,1,1,111,1,1
14,4,692.85,5,3,3,533,0,0
501,4,658.3199999999999,1,3,3,133,1,1
477,2,328.95,1,2,2,122,1,1
15,12,1565.59,5,5,4,554,0,0
376,1,257.06,2,1,1,211,1,1
10,93,40031.43,5,5,5,555,0,0
135,11,3907.5,3,5,5,355,1,1
71,6,2953.26,3,4,4,344,0,0
3,5,932.6,5,4,3,543,0,0
26,8,1005.8,4,4,3,443,0,0
23,2,484.82,4,3,2,432,0,0
186,1,394.14,3,1,2,312,1,1
59,1,96.12,4,1,1,411,0,0
4,20,3072.89,5,5,5,555,0,0
10,8,2863.45,5,5,4,554,0,0
29,2,1565.63,4,3,4,434,0,0
134,1,707.09,3,1,3,313,1,1
4,26,5323.0,5,5,5,555,0,0
241,2,208.28,2,2,1,221,1,1
420,1,124.45,1,2,1,121,1,1
568,2,111.0,1,2,1,121,1,1
192,1,139.35,2,1,1,211,1,1
40,6,829.0,4,4,3,443,0,0
46,11,3830.84,4,5,5,455,0,0
289,1,101.7,2,2,1,221,1,1
449,6,1280.16,1,4,4,144,1,1
62,9,2778.61,3,5,4,354,0,0
115,6,1587.94,3,4,4,344,1,1
67,3,705.12,3,3,3,333,0,0
76,1,272.22,3,2,1,321,0,0
106,2,554.5,3,2,2,322,1,1
612,1,33.0,1,2,1,121,1,1
171,1,190.53,3,1,1,311,1,1
405,2,560.14,2,3,2,232,1,1
18,1,309.65,5,1,2,512,0,0
183,3,270.79,3,3,1,331,1,1
460,2,827.25,1,2,3,123,1,1
15,4,762.75,5,3,3,533,0,0
134,6,2494.14,3,4,4,344,1,1
317,1,1693.88,2,1,4,214,1,1
9,2,676.99,5,2,3,523,0,0
3,10,3463.02,5,5,5,555,0,0
205,6,1738.52,2,4,4,244,1,1
5,13,6700.860000000001,5,5,5,555,0,0
3,12,2955.75,5,5,4,554,0,0
3,6,1840.06,5,4,4,544,0,0
477,2,442.0,1,3,2,132,1,1
1,3,1316.66,5,3,4,534,0,0
152,2,735.66,3,2,3,323,1,1
336,1,334.93,2,1,2,212,1,1
19,22,6349.09,5,5,5,555,0,0
278,2,488.15,2,3,2,232,1,1
3,17,3562.89,5,5,5,555,0,0
542,1,7.49,1,1,1,111,1,1
432,2,249.7,1,2,1,121,1,1
307,3,626.56,2,3,3,233,1,1
639,1,162.45,1,1,1,111,1,1
730,1,105.78000000000002,1,1,1,111,1,1
311,1,1063.0,2,1,3,213,1,1
358,6,1962.01,2,4,4,244,1,1
462,2,859.2,1,2,3,123,1,1
512,3,918.45,1,3,3,133,1,1
4,31,20749.98,5,5,5,555,0,0
267,4,354.09,2,3,2,232,1,1
625,1,173.06,1,2,1,121,1,1
29,1,197.64,4,1,1,411,0,0
45,3,1481.4,4,3,4,434,0,0
157,4,323.58,3,4,2,342,1,1
74,2,1117.9,3,3,3,333,0,0
71,10,723.01,3,5,3,353,0,0
612,1,129.22,1,1,1,111,1,1
239,2,305.68,2,2,2,222,1,1
35,1,328.15,4,1,2,412,0,0
71,3,1301.78,3,3,4,334,0,0
6,2,511.12,5,2,2,522,0,0
5,3,697.79,5,3,3,533,0,0
3,11,2689.52,5,5,4,554,0,0
64,4,1060.56,3,3,3,333,0,0
508,1,97.5,1,2,1,121,1,1
18,1,195.36,5,2,1,521,0,0
24,7,8479.76,4,4,5,445,0,0
677,1,106.68,1,1,1,111,1,1
66,8,2995.91,3,4,5,345,0,0
214,2,220.8,2,2,1,221,1,1
8,13,2928.29,5,5,4,554,0,0
691,1,202.35,1,1,1,111,1,1
79,1,159.0,3,1,1,311,0,0
184,5,417.61,3,4,2,342,1,1
282,2,257.1,2,2,1,221,1,1
39,12,4600.15,4,5,5,455,0,0
179,4,280.73,3,3,1,331,1,1
16,10,1954.16,5,5,4,554,0,0
505,1,79.9,1,1,1,111,1,1
577,1,135.6,1,1,1,111,1,1
16,10,3781.38,5,5,5,555,0,0
359,4,1412.89,2,4,4,244,1,1
125,2,465.68,3,2,2,322,1,1
603,2,139.85,1,3,1,131,1,1
418,3,660.65,1,3,3,133,1,1
4,21,12696.78,5,5,5,555,0,0
206,2,300.67,2,3,2,232,1,1
632,1,114.69,1,2,1,121,1,1
24,1,291.88,4,1,2,412,0,0
546,1,1000.63,1,1,3,113,1,1
198,2,408.95,2,2,2,222,1,1
386,3,1711.66,2,3,4,234,1,1
198,2,367.87,2,2,2,222,1,1
21,6,3175.12,4,4,5,445,0,0
18,7,880.04,5,4,3,543,0,0
430,1,61.28,1,1,1,111,1,1
1,17,4413.1,5,5,5,555,0,0
2,14,5175.93,5,5,5,555,0,0
283,1,312.38,2,1,2,212,1,1
463,1,39.95,1,1,1,111,1,1
3,9,1258.97,5,5,4,554,0,0
511,4,1378.74,1,3,4,134,1,1
138,1,501.14,3,1,2,312,1,1
59,7,5678.16,4,4,5,445,0,0
5,6,1843.75,5,4,4,544,0,0
264,18,9924.95,2,5,5,255,1,1
288,2,242.84,2,2,1,221,1,1
11,5,601.98,5,4,2,542,0,0
737,1,82.6,1,1,1,111,1,1
278,1,217.2,2,1,1,211,1,1
190,6,681.26,2,4,3,243,1,1
11,1,213.96,5,1,1,511,0,0
584,1,289.87,1,1,1,111,1,1
4,2,439.43,5,3,2,532,0,0
503,1,153.24,1,1,1,111,1,1
226,2,563.63,2,2,2,222,1,1
373,8,2470.39,2,5,4,254,1,1
379,2,282.79,2,2,1,221,1,1
4,5,2047.8,5,4,4,544,0,0
25,3,682.9100000000001,4,3,3,433,0,0
25,2,370.44,4,2,2,422,0,0
440,1,335.22,1,1,2,112,1,1
5,7,2911.62,5,4,4,544,0,0
4,2,309.99,5,3,2,532,0,0
520,1,31.85,1,2,1,121,1,1
281,5,1387.58,2,4,4,244,1,1
99,3,1019.76,3,3,3,333,1,1
22,8,7475.74,4,4,5,445,0,0
72,1,248.61,3,1,1,311,0,0
406,3,362.42,2,3,2,232,1,1
387,2,522.67,2,2,2,222,1,1
382,2,309.49,2,2,2,222,1,1
373,1,415.0,2,2,2,222,1,1
726,1,313.64,1,1,2,112,1,1
417,1,898.87,1,1,3,113,1,1
99,2,288.42,3,2,1,321,1,1
14,36,12499.71,5,5,5,555,0,0
373,2,527.03,2,3,2,232,1,1
33,31,10223.06,4,5,5,455,0,0
159,1,155.8,3,2,1,321,1,1
3,5,1455.23,5,4,4,544,0,0
7,46,88704.32,5,5,5,555,0,0
31,46,26374.39,4,5,5,455,0,0
637,1,405.0,1,1,2,112,1,1
71,3,571.07,3,3,2,332,0,0
181,2,201.14,3,3,1,331,1,1
15,6,1803.1,5,4,4,544,0,0
263,1,114.56,2,1,1,211,1,1
395,3,437.87,2,3,2,232,1,1
10,2,763.28,5,3,3,533,0,0
113,4,2021.2,3,3,4,334,1,1
226,5,1417.95,2,4,4,244,1,1
142,4,1300.25,3,3,4,334,1,1
45,1,189.4,4,2,1,421,0,0
311,1,35.8,2,1,1,211,1,1
11,6,1877.51,5,4,4,544,0,0
383,1,176.9,2,2,1,221,1,1
37,3,1362.4,4,3,4,434,0,0
99,2,271.70000000000005,3,2,1,321,1,1
402,1,262.4,2,1,1,211,1,1
655,1,124.75,1,1,1,111,1,1
457,2,622.8199999999999,1,2,3,123,1,1
572,1,152.76,1,1,1,111,1,1
25,7,1095.27,4,4,3,443,0,0
3,4,1286.7,5,3,4,534,0,0
421,1,149.3,1,2,1,121,1,1
81,5,1744.64,3,4,4,344,0,0
18,4,1446.09,5,4,4,544,0,0
324,4,1279.09,2,4,4,244,1,1
24,5,828.91,4,4,3,443,0,0
254,4,1299.11,2,3,4,234,1,1
443,1,722.5600000000001,1,1,3,113,1,1
64,2,1272.48,3,2,4,324,0,0
18,2,304.47,5,2,2,522,0,0
50,1,155.37,4,2,1,421,0,0
374,6,1056.11,2,4,3,243,1,1
385,1,107.01,2,1,1,211,1,1
521,2,256.7,1,2,1,121,1,1
22,6,1819.02,4,4,4,444,0,0
11,7,1304.76,5,4,4,544,0,0
390,3,960.69,2,3,3,233,1,1
271,1,296.88,2,1,2,212,1,1
642,1,635.9,1,1,3,113,1,1
4,67,16432.89,5,5,5,555,0,0
414,1,179.4,1,1,1,111,1,1
401,5,1570.81,2,4,4,244,1,1
74,8,1970.67,3,5,4,354,0,0
12,3,1261.78,5,3,4,534,0,0
29,3,260.08,4,3,1,431,0,0
246,4,613.59,2,4,2,242,1,1
37,9,2488.49,4,5,4,454,0,0
78,6,3566.56,3,4,5,345,0,0
78,1,259.17,3,1,1,311,0,0
211,1,582.59,2,2,2,222,1,1
60,9,3759.26,3,5,5,355,0,0
376,5,922.59,2,4,3,243,1,1
1,2,326.75,5,2,2,522,0,0
3,9,3267.9300000000003,5,5,5,555,0,0
421,4,2052.69,1,4,4,144,1,1
492,1,122.4,1,1,1,111,1,1
46,3,719.81,4,3,3,433,0,0
145,1,417.38,3,1,2,312,1,1
618,4,1226.57,1,4,3,143,1,1
470,3,584.25,1,3,2,132,1,1
82,1,345.0,3,1,2,312,0,0
65,5,1121.42,3,4,3,343,0,0
390,2,503.15,2,2,2,222,1,1
108,5,1215.68,3,4,3,343,1,1
380,7,1638.28,2,4,4,244,1,1
26,1,164.34,4,1,1,411,0,0
243,1,476.49,2,1,2,212,1,1
333,13,4905.05,2,5,5,255,1,1
266,1,344.90000000000003,2,1,2,212,1,1
75,3,371.62,3,3,2,332,0,0
7,9,5356.03,5,5,5,555,0,0
163,3,316.09000000000003,3,3,2,332,1,1
223,3,1725.01,2,3,4,234,1,1
20,3,788.08,4,3,3,433,0,0
9,3,904.46,5,3,3,533,0,0
71,12,6709.7300000000005,3,5,5,355,0,0
44,3,3181.04,4,3,5,435,0,0
79,1,311.69,3,1,2,312,0,0
2,2,493.28,5,2,2,522,0,0
86,1,494.25,3,2,2,322,0,0
16,14,8313.4,5,5,5,555,0,0
187,1,59.5,3,1,1,311,1,1
65,2,583.75,3,2,2,322,0,0
135,6,1879.44,3,4,4,344,1,1
213,3,642.81,2,3,3,233,1,1
32,18,9266.0,4,5,5,455,0,0
233,1,267.03,2,1,1,211,1,1
12,6,853.72,5,4,3,543,0,0
29,2,183.44,4,2,1,421,0,0
439,1,295.73,1,1,2,112,1,1
29,3,1331.57,4,3,4,434,0,0
171,1,135.75000000000003,3,1,1,311,1,1
166,3,781.6899999999999,3,3,3,333,1,1
21,2,230.22,4,2,1,421,0,0
21,4,1422.4,4,4,4,444,0,0
22,1,91.8,4,1,1,411,0,0
30,1,1013.01,4,2,3,423,0,0
10,29,9502.26,5,5,5,555,0,0
387,1,101.16,2,2,1,221,1,1
25,1,484.38,4,1,2,412,0,0
541,3,399.62,1,3,2,132,1,1
13,11,5617.79,5,5,5,555,0,0
723,1,115.3,1,2,1,121,1,1
120,5,2192.51,3,4,4,344,1,1
725,1,111.0,1,1,1,111,1,1
549,1,164.18,1,2,1,121,1,1
509,1,221.83,1,1,1,111,1,1
11,12,3082.1,5,5,5,555,0,0
283,2,685.9,2,2,3,223,1,1
239,3,1185.01,2,3,3,233,1,1
352,3,865.2,2,3,3,233,1,1
543,1,170.4,1,2,1,121,1,1
26,1,703.37,4,2,3,423,0,0
469,2,604.4,1,3,2,132,1,1
340,3,1307.58,2,3,4,234,1,1
111,4,4092.0,3,3,5,335,1,1
581,1,267.9,1,2,1,121,1,1
17,22,8989.08,5,5,5,555,0,0
607,1,86.10000000000001,1,1,1,111,1,1
47,3,1421.61,4,3,4,434,0,0
610,1,728.5,1,1,3,113,1,1
8,1,164.68,5,1,1,511,0,0
130,5,2339.66,3,4,4,344,1,1
488,4,1542.09,1,3,4,134,1,1
41,4,1435.85,4,3,4,434,0,0
382,3,591.0699999999999,2,3,2,232,1,1
638,2,194.7,1,3,1,131,1,1
367,7,1286.45,2,4,4,244,1,1
80,5,1307.76,3,4,4,344,0,0
39,2,801.31,4,2,3,423,0,0
81,4,423.85,3,3,2,332,0,0
9,3,1013.17,5,3,3,533,0,0
8,7,4368.62,5,4,5,545,0,0
625,1,282.05,1,2,1,121,1,1
4,8,2495.87,5,4,4,544,0,0
2,5,3887.07,5,4,5,545,0,0
38,11,2834.17,4,5,4,454,0,0
119,4,570.5,3,4,2,342,1,1
23,3,764.82,4,3,3,433,0,0
24,6,1277.5,4,4,4,444,0,0
465,1,161.35,1,1,1,111,1,1
738,1,221.53,1,2,1,121,1,1
51,1,1035.45,4,1,3,413,0,0
68,13,2154.3,3,5,4,354,0,0
550,1,112.86,1,2,1,121,1,1
11,2,382.14,5,2,2,522,0,0
170,4,770.73,3,3,3,333,1,1
185,10,7793.51,3,5,5,355,1,1
58,8,6115.14,4,5,5,455,0,0
318,3,414.13,2,3,2,232,1,1
458,1,519.45,1,1,2,112,1,1
8,7,2154.97,5,4,4,544,0,0
22,12,1965.72,4,5,4,454,0,0
69,6,1329.94,3,4,4,344,0,0
3,16,4417.52,5,5,5,555,0,0
18,7,634.33,5,4,3,543,0,0
422,4,785.37,1,3,3,133,1,1
19,2,260.68,5,2,1,521,0,0
430,11,3881.89,1,5,5,155,1,1
387,2,438.9,2,2,2,222,1,1
16,21,8524.86,5,5,5,555,0,0
86,3,449.68,3,3,2,332,0,0
191,2,443.06,2,2,2,222,1,1
15,4,535.86,5,3,2,532,0,0
88,9,10754.8,3,5,5,355,0,0
386,1,295.13,2,1,2,212,1,1
432,1,105.56,1,1,1,111,1,1
2,5,1250.76,5,4,4,544,0,0
3,28,12427.69,5,5,5,555,0,0
477,1,126.05,1,1,1,111,1,1
598,3,1556.54,1,3,4,134,1,1
24,2,388.14,4,3,2,432,0,0
4,17,5425.56,5,5,5,555,0,0
536,2,490.0,1,2,2,122,1,1
